club_name,PTS_club,GPS_club,Delta,Zdiff,n_takers,n_gk,enough_data,label
FC Barcelona,81.35,88.44999999999999,-7.099999999999994,-0.8915066856538676,33,4,True,GK >> takers
Rosenborg BK,67.32499999999999,75.39999999999999,-8.075000000000003,-0.25057833577032396,24,3,True,GK >> takers
SønderjyskE,60.72500000000001,68.85000000000001,-8.125,0.10360432268031594,27,2,True,GK >> takers
FC St. Gallen 1879,62.825,71.25,-8.424999999999997,-0.04971190476273046,28,3,True,GK >> takers
PFC CSKA Moscow,71.4,79.94999999999999,-8.549999999999983,-0.5343076655194208,26,3,True,GK >> takers
Bayer 04 Leverkusen,76.15,84.75000000000001,-8.600000000000009,-0.8002683697058877,27,3,True,GK >> takers
IK Sirius,60.574999999999996,69.6,-9.024999999999999,-0.003928087489412646,26,3,True,GK >> takers
PEC Zwolle,64.5,73.55,-9.049999999999997,-0.22159762126436378,30,3,True,GK >> takers
Club Independiente Santa Fe,60.25,69.45,-9.200000000000003,-0.008673371816138586,25,3,True,GK >> takers
Ulsan Hyundai FC,66.475,76.75,-10.275000000000006,-0.48702688390454085,28,3,True,GK >> takers
Philadelphia Union,66.85,77.6,-10.75,-0.5685949412521139,29,4,True,GK >> takers
Manchester United,90.1,84.35000000000001,5.749999999999986,0.28274985305836475,33,4,True,balanced
Newell's Old Boys,78.9,74.55,4.3500000000000085,0.7146759413237818,28,3,True,balanced
AS Monaco,82.225,78.2,4.0249999999999915,0.49121327077716415,27,3,True,balanced
RC Celta de Vigo,79.15,75.20000000000002,3.9499999999999886,0.6495816681449103,33,3,True,balanced
RCD Espanyol de Barcelona,78.975,75.15,3.8249999999999886,0.6430699975269567,33,3,True,balanced
US Salernitana 1919,76.80000000000001,73.05000000000001,3.75,0.7522640313375768,27,3,True,balanced
Cruz Azul,77.25,73.65,3.5999999999999943,0.7083888266541383,27,3,True,balanced
PSV,79.875,76.5,3.375,0.5360315652552048,30,5,True,balanced
Vitória de Guimarães,76.375,73.05,3.325000000000003,0.7208358603424081,30,3,True,balanced
Torino F.C.,78.0,74.7,3.299999999999997,0.6288341445467818,31,2,True,balanced
Birmingham City,76.44999999999999,73.19999999999999,3.25,0.7070939852602112,30,3,True,balanced
Seattle Sounders FC,77.05,73.85,3.200000000000003,0.667881735253834,28,4,True,balanced
Palmeiras,78.15,75.0,3.1500000000000057,0.6013503943823859,20,2,True,balanced
Granada CF,79.67500000000001,76.55,3.125000000000014,0.5148124967597751,33,4,True,balanced
RC Strasbourg Alsace,78.7,75.75,2.950000000000003,0.545582030557642,25,3,True,balanced
Rayo Vallecano,77.05000000000001,74.10000000000001,2.950000000000003,0.6357350304123739,31,3,True,balanced
Royal Antwerp FC,74.60000000000001,71.65,2.950000000000003,0.7695985756512211,28,2,True,balanced
1. FC Union Berlin,79.30000000000001,76.45,2.8500000000000085,0.4999404395829734,31,3,True,balanced
Portland Timbers,75.125,72.4,2.7249999999999943,0.7119814958855837,27,4,True,balanced
Chelsea,85.3,82.65,2.6499999999999915,0.14639398532895687,33,4,True,balanced
Wolverhampton Wanderers,82.425,79.85,2.575000000000003,0.29383474635067763,33,2,True,balanced
Club Nacional de Football,78.05000000000001,75.5,2.5500000000000114,0.5296621209359,22,2,True,balanced
Reading,73.375,70.9,2.4749999999999943,0.7754516090718717,30,3,True,balanced
Club Olimpia,75.125,72.85,2.2750000000000057,0.6541174271709596,29,3,True,balanced
Sport-Club Freiburg,77.425,75.14999999999999,2.2750000000000057,0.5284496091916346,26,3,True,balanced
Shakhtar Donetsk,76.6,74.35,2.25,0.5703114386348553,28,3,True,balanced
Standard de Liège,74.825,72.60000000000001,2.2249999999999943,0.6640795407217088,28,3,True,balanced
Al Ain FC,74.02499999999999,71.85000000000001,2.174999999999983,0.7013607451375291,28,3,True,balanced
San Lorenzo de Almagro,75.42499999999998,73.25,2.174999999999983,0.6248672907153323,28,2,True,balanced
Atlético Clube Goianiense,72.1,70.0,2.0999999999999943,0.7968952335156156,20,2,True,balanced
Fútbol Club Juárez,73.0,70.9,2.0999999999999943,0.7477208699584874,30,3,True,balanced
KAA Gent,73.55,71.45,2.0999999999999943,0.7176698700069098,28,2,True,balanced
Villarreal CF,84.9,82.80000000000001,2.0999999999999943,0.09752650736980417,33,3,True,balanced
Inter Miami CF,73.625,71.55000000000001,2.0749999999999886,0.7103573358930024,28,4,True,balanced
Vitesse,72.475,70.4,2.0749999999999886,0.7731912448826654,27,4,True,balanced
FC Tokyo,72.1,70.1,2.0,0.7840365515790328,30,4,True,balanced
AFC Bournemouth,72.39999999999999,70.4,1.9999999999999858,0.7676450970599884,30,3,True,balanced
Club Brugge KV,82.7,80.75000000000001,1.9499999999999886,0.19844248427124,28,4,True,balanced
SD Eibar,73.55000000000001,71.64999999999999,1.90000000000002,0.6919525061337449,27,3,True,balanced
Real Oviedo,72.3,70.4,1.8999999999999915,0.7602502332964194,30,3,True,balanced
Stoke City,72.17500000000001,70.35,1.825000000000017,0.7574359945602516,30,3,True,balanced
Clermont Foot 63,72.65,70.85000000000001,1.7999999999999972,0.7282681877542867,27,3,True,balanced
Brentford,75.25,73.55,1.7000000000000028,0.5733502333193368,33,2,True,balanced
New York Red Bulls,71.425,69.75,1.6749999999999972,0.779126607952981,25,3,True,balanced
CD Leganés,71.875,70.25,1.625,0.7481100852061254,30,3,True,balanced
Flamengo,81.1,79.50000000000001,1.59999999999998,0.24085818826142358,20,2,True,balanced
U.C. Sampdoria,80.725,79.15,1.5749999999999886,0.25813283592608216,25,3,True,balanced
Shanghai Port FC,74.125,72.6,1.5250000000000057,0.6123154943767251,28,3,True,balanced
Stade Rennais FC,77.0,75.5,1.5,0.45201605141842194,27,4,True,balanced
Kaizer Chiefs,74.95,73.5,1.4500000000000028,0.5575949829969202,28,5,True,balanced
SV Zulte Waregem,70.65,69.2,1.4500000000000028,0.7925391644365277,28,4,True,balanced
FC Vizela,71.85,70.50000000000001,1.34999999999998,0.7141146644237732,26,3,True,balanced
AC Milan,85.525,84.2,1.3250000000000028,-0.036277141220054876,28,3,True,balanced
Cádiz CF,78.57499999999999,77.35000000000001,1.22499999999998,0.3305995398678432,32,3,True,balanced
FC Cartagena,73.42499999999998,72.2,1.22499999999998,0.611986175778072,29,3,True,balanced
Fluminense,75.07499999999999,73.85000000000001,1.22499999999998,0.5218331759233381,20,2,True,balanced
Aberdeen,71.6,70.4,1.1999999999999886,0.7084861869514341,28,2,True,balanced
Spartak Moskva,75.82499999999999,74.64999999999999,1.1749999999999972,0.4744251986574428,28,5,True,balanced
Celtic,74.325,73.2,1.125,0.5499531302843621,28,4,True,balanced
Godoy Cruz,71.57499999999999,70.45,1.1249999999999858,0.7002081300422505,28,3,True,balanced
Atalanta,83.4,82.29999999999998,1.1000000000000227,0.050896960599184915,25,3,True,balanced
Brighton & Hove Albion,76.94999999999999,75.94999999999999,1.0,0.39045455082201297,33,3,True,balanced
CD Tenerife,71.6,70.60000000000001,0.9999999999999858,0.6827688230782668,30,3,True,balanced
Minnesota United FC,70.875,69.9,0.9749999999999943,0.7191668343484737,26,3,True,balanced
Clube Atlético Mineiro,72.14999999999999,71.19999999999999,0.9500000000000028,0.6462884821583997,20,2,True,balanced
Napoli,81.325,80.39999999999999,0.9250000000000114,0.14176849430020733,26,2,True,balanced
CFR Cluj,72.625,71.7,0.9249999999999972,0.6171206753524355,28,3,True,balanced
Legia Warszawa,71.025,70.10000000000001,0.9249999999999972,0.7045417661206608,28,3,True,balanced
Rosario Central,75.275,74.35000000000001,0.9249999999999972,0.4723294937675597,28,3,True,balanced
Ettifaq FC,72.5,71.6,0.9000000000000057,0.6207357775845578,29,4,True,balanced
SV Darmstadt 98,72.25,71.35000000000001,0.8999999999999915,0.6343953230170912,30,4,True,balanced
Middlesbrough,70.425,69.55,0.875,0.7308953341904553,30,5,True,balanced
Gamba Osaka,70.125,69.3,0.8250000000000028,0.7408574477412062,30,5,True,balanced
Estoril Praia,69.44999999999999,68.65,0.799999999999983,0.7745235499249044,27,2,True,balanced
TSV Egger Glas Hartberg,69.17500000000001,68.4,0.7750000000000057,0.7863343794165482,27,4,True,balanced
Cerezo Osaka,71.325,70.55000000000001,0.7749999999999915,0.668862288696743,30,3,True,balanced
Dundee United,69.65,68.9,0.75,0.7571665726105844,28,3,True,balanced
Portimonense SC,72.175,71.45,0.7249999999999943,0.6159904932578318,30,4,True,balanced
Club Cerro Porteño,71.9,71.2,0.7000000000000028,0.627801322749475,27,4,True,balanced
Universitatea Craiova,70.6,69.9,0.6999999999999886,0.6988309589986582,28,3,True,balanced
Orlando City Soccer Club,74.77499999999999,74.1,0.6749999999999972,0.4675018797911732,30,4,True,balanced
Real Valladolid CF,76.375,75.7,0.6749999999999972,0.3800807890229465,30,3,True,balanced
Benevento,70.19999999999999,69.6,0.5999999999999943,0.7078275497541329,24,2,True,balanced
Santa Clara,72.8,72.2,0.5999999999999943,0.5657682772557642,27,3,True,balanced
Western United FC,68.6,68.0,0.5999999999999943,0.7952486405223589,26,2,True,balanced
Le Havre AC,69.02499999999999,68.44999999999999,0.5750000000000028,0.7688127428029037,27,3,True,balanced
Nagoya Grampus,71.325,70.75,0.5750000000000028,0.6431449248235777,30,4,True,balanced
TSG Hoffenheim,81.625,81.05000000000001,0.5749999999999886,0.08037165300311955,33,4,True,balanced
La Equidad,69.8,69.25,0.5499999999999972,0.7232534814778973,20,2,True,balanced
RCD Mallorca,73.725,73.2,0.5249999999999915,0.5055839477029462,33,4,True,balanced
Djurgårdens IF,69.92500000000001,69.45,0.4750000000000085,0.7067796973091925,23,3,True,balanced
Göztepe SK,72.825,72.35,0.4750000000000085,0.5483289702917828,27,4,True,balanced
Heart of Midlothian,68.675,68.2,0.4749999999999943,0.7750774244718683,25,2,True,balanced
Abha Club,68.55000000000001,68.10000000000001,0.45000000000000284,0.7786925267039898,29,4,True,balanced
Gazişehir Gaziantep F.K.,71.7,71.25,0.45000000000000284,0.6065822542540453,30,3,True,balanced
Moreirense FC,70.9,70.45,0.45000000000000284,0.6502927996381578,27,3,True,balanced
Kasimpaşa SK,70.625,70.2,0.42499999999999716,0.6621036291298011,26,3,True,balanced
Perth Glory,69.625,69.2,0.42499999999999716,0.7167418108599418,22,3,True,balanced
Beşiktaş JK,75.975,75.55000000000001,0.42499999999998295,0.36978935687354353,29,3,True,balanced
Fulham,76.4,76.10000000000001,0.29999999999999716,0.3304947772175042,30,3,True,balanced
Shrewsbury Town,67.9,67.60000000000001,0.29999999999999716,0.7949193219237061,22,4,True,balanced
Urawa Red Diamonds,69.1,68.80000000000001,0.29999999999998295,0.7293535038475362,28,3,True,balanced
Club Deportivo Guadalajara,72.17500000000001,71.9,0.2750000000000057,0.5581264245432065,30,3,True,balanced
Vélez Sarsfield,75.67500000000001,75.4,0.2750000000000057,0.3668927884877118,28,3,True,balanced
Atakaş Hatayspor,72.8,72.55,0.25,0.5207628904777231,23,2,True,balanced
Shandong Taishan,70.6,70.35,0.25,0.6409668902840342,28,3,True,balanced
Tigres U.A.N.L.,79.2,78.95,0.25,0.1710785274048181,25,2,True,balanced
1. FSV Mainz 05,75.525,75.3,0.22500000000000853,0.36865917477894183,32,5,True,balanced
Sociedad Deportiva Aucas,68.9,68.75,0.15000000000000568,0.7209931172886909,23,3,True,balanced
Platense,68.1,67.95,0.14999999999999147,0.7647036626728025,28,3,True,balanced
CD Huachipato,69.075,68.95,0.125,0.7082167650017699,27,2,True,balanced
Sheffield United,76.025,75.9,0.125,0.3284814019772868,30,5,True,balanced
Borussia Dortmund,81.875,81.8,0.07500000000000284,0.002418697887669019,31,3,True,balanced
Cardiff City,71.77499999999999,71.7,0.07499999999998863,0.5542643333620959,30,3,True,balanced
En Avant de Guingamp,68.57499999999999,68.5,0.07499999999998863,0.7291065148985488,29,3,True,balanced
Elche CF,78.80000000000001,78.75,0.05000000000001137,0.16721643622370808,30,4,True,balanced
FC Sochaux-Montbéliard,68.17500000000001,68.15,0.025000000000005684,0.7445324466223134,26,3,True,balanced
Mazatlán Futbol Club,75.67499999999998,75.7,-0.025000000000019895,0.3283167426779605,25,2,True,balanced
Hellas Verona,73.9,73.95,-0.04999999999999716,0.42208484476481645,27,3,True,balanced
Empoli,70.875,70.95,-0.07500000000000284,0.584150674014348,28,2,True,balanced
Go Ahead Eagles,70.225,70.35,-0.125,0.6132361511706492,27,3,True,balanced
ESTAC Troyes,72.35,72.5,-0.15000000000000568,0.4939153445099522,33,4,True,balanced
Argentinos Juniors,73.6,73.75000000000001,-0.1500000000000199,0.4256176173472741,28,4,True,balanced
Shanghai Shenhua FC,71.44999999999999,71.60000000000001,-0.1500000000000199,0.5430897080670785,28,3,True,balanced
RKC Waalwijk,67.85,68.05000000000001,-0.20000000000001705,0.7333578213272958,28,4,True,balanced
SSV Jahn Regensburg,69.44999999999999,69.65,-0.20000000000001705,0.64593673055907,26,3,True,balanced
Yeni Malatyaspor,68.1,68.30000000000001,-0.20000000000001705,0.7196982758947599,26,3,True,balanced
Yukatel Kayserispor,72.725,73.0,-0.2750000000000057,0.45735267394042034,30,3,True,balanced
Barcelona Sporting Club,73.625,73.95,-0.32500000000000284,0.40174896941500093,26,3,True,balanced
Leeds United,77.425,77.75,-0.32500000000000284,0.19412387884046378,31,3,True,balanced
FC Augsburg,79.475,79.80000000000001,-0.32500000000001705,0.08211560629367298,31,3,True,balanced
FC Cincinnati,68.875,69.25,-0.375,0.6548509916648815,30,4,True,balanced
Fortuna Sittard,69.275,69.65,-0.375,0.6329957189728239,26,3,True,balanced
Stabæk Fotball,66.32499999999999,66.7,-0.3750000000000142,0.7941783550767412,25,2,True,balanced
Bologna,76.7,77.10000000000001,-0.4000000000000057,0.2240925491423782,29,2,True,balanced
Patronato,70.45,70.85000000000001,-0.4000000000000057,0.5655811849557617,28,2,True,balanced
Arsenal,83.19999999999999,83.64999999999999,-0.45000000000000284,-0.13748497307183083,33,3,True,balanced
Club Atlético Aldosivi,70.75,71.2,-0.45000000000000284,0.5427603894684281,28,4,True,balanced
São Paulo,73.17500000000001,73.65,-0.4749999999999943,0.40704812828868997,20,2,True,balanced
PAOK,74.55000000000001,75.05,-0.4999999999999858,0.3287059579256004,28,2,True,balanced
Valenciennes FC,68.65,69.15,-0.5,0.651071230133433,28,3,True,balanced
Southampton,75.775,76.3,-0.5249999999999915,0.25855951482203077,33,3,True,balanced
Associação Chapecoense de Futebol,72.625,73.2,-0.5750000000000028,0.42424044630368374,20,2,True,balanced
Pachuca,69.725,70.3,-0.5750000000000028,0.5826911733210945,27,3,True,balanced
Sporting Kansas City,71.775,72.35000000000001,-0.5750000000000028,0.4706829007743032,29,4,True,balanced
F.C. København,72.2,72.8,-0.5999999999999943,0.4442470030548489,26,3,True,balanced
Valencia CF,79.42500000000001,80.05000000000001,-0.625,0.0462714695704296,33,4,True,balanced
Málaga CF,70.15,70.8,-0.6499999999999915,0.5498259346333467,30,3,True,balanced
AEK Athens,73.375,74.05,-0.6749999999999972,0.37040312806949505,28,2,True,balanced
Raków Częstochowa,67.625,68.3,-0.6749999999999972,0.6845726730178077,28,2,True,balanced
Servette FC,70.275,70.95,-0.6749999999999972,0.5397814914329325,27,3,True,balanced
CA Osasuna,76.975,77.65,-0.6750000000000114,0.173705673840985,33,3,True,balanced
Dijon FCO,72.45,73.15,-0.7000000000000028,0.41772877568572886,27,2,True,balanced
Real Madrid CF,85.55,86.25000000000001,-0.700000000000017,-0.2980314049791244,33,3,True,balanced
Chamois Niortais Football Club,68.3,69.05,-0.75,0.6380478888975248,26,4,True,balanced
AZ Alkmaar,68.44999999999999,69.25,-0.8000000000000114,0.6234228206697114,26,5,True,balanced
Levante Unión Deportiva,81.0,81.80000000000001,-0.8000000000000114,-0.06228636004356414,33,3,True,balanced
Unión Deportiva Almería,73.67500000000001,74.55,-0.8749999999999858,0.3282943096772859,28,3,True,balanced
BK Häcken,65.975,66.85,-0.875,0.7490083089993742,24,3,True,balanced
Atlético Tucumán,69.75,70.65,-0.9000000000000057,0.539534502483943,28,3,True,balanced
Holstein Kiel,71.55,72.45,-0.9000000000000057,0.4411857753696893,28,3,True,balanced
MSV Duisburg,68.8,69.7,-0.9000000000000057,0.5914407751275781,25,3,True,balanced
Sevilla FC,81.35,82.25,-0.9000000000000057,-0.09426840558569616,33,4,True,balanced
Club de Deportes Cobresal,66.82499999999999,67.75,-0.9250000000000114,0.6961365135604618,22,3,True,balanced
Luton Town,67.975,68.9,-0.9250000000000114,0.6333026045707989,30,2,True,balanced
SC Rheindorf Altach,66.225,67.15,-0.9250000000000114,0.7289194225985465,28,3,True,balanced
Lazio,80.175,81.14999999999999,-0.9749999999999943,-0.03971255350521652,32,3,True,balanced
Hertha BSC,76.875,77.85000000000001,-0.9750000000000085,0.14059344620424796,32,5,True,balanced
Çaykur Rizespor,72.675,73.65,-0.9750000000000085,0.37007380947084245,27,3,True,balanced
FC Midtjylland,70.07499999999999,71.05000000000001,-0.9750000000000227,0.5121330819692093,26,4,True,balanced
Paris Saint-Germain,87.375,88.4,-1.0250000000000057,-0.43953680293052777,33,4,True,balanced
Rangers FC,76.475,77.5,-1.0250000000000057,0.15601937792801324,28,3,True,balanced
FC Dinamo 1948 Bucureşti,65.7,66.75,-1.0499999999999972,0.7415311155861419,28,3,True,balanced
Crystal Palace,78.75,79.80000000000001,-1.0500000000000114,0.028502844007795236,33,4,True,balanced
Nottingham Forest,71.85,72.9,-1.0500000000000114,0.40550629794577175,30,3,True,balanced
Millwall,69.675,70.75,-1.0750000000000028,0.5211296727246837,27,4,True,balanced
Norwich City,76.125,77.2,-1.0750000000000028,0.1687134005652715,33,5,True,balanced
St. Johnstone FC,67.025,68.10000000000001,-1.0750000000000028,0.6659208543095575,28,3,True,balanced
Real Sociedad,80.625,81.70000000000002,-1.075000000000017,-0.07715841722036698,25,2,True,balanced
WSG Tirol,64.95,66.05,-1.0999999999999943,0.7760804109154569,26,4,True,balanced
Everton,81.9,83.05,-1.1499999999999915,-0.15646611037873148,33,3,True,balanced
Boca Juniors,75.64999999999999,76.8,-1.1500000000000057,0.18502252543465114,28,2,True,balanced
FC Basel 1893,73.4,74.55000000000001,-1.1500000000000057,0.30795843432746817,28,3,True,balanced
Club Necaxa,68.94999999999999,70.10000000000001,-1.15000000000002,0.5510983430265974,26,3,True,balanced
Club Atlético Rentistas,66.3,67.5,-1.2000000000000028,0.6894601836431817,26,3,True,balanced
Sandefjord Fotball,64.825,66.05,-1.2249999999999943,0.7668368312109952,28,2,True,balanced
FK Bodø/Glimt,66.82499999999999,68.1,-1.2750000000000057,0.6511311267824204,27,2,True,balanced
RB Leipzig,83.05,84.35,-1.2999999999999972,-0.2385880422732698,32,3,True,balanced
Roma,80.0,81.3,-1.2999999999999972,-0.0719415879963381,32,3,True,balanced
Tottenham Hotspur,86.15,87.45,-1.2999999999999972,-0.4079664056367087,33,2,True,balanced
Guayaquil City FC,64.5,65.80000000000001,-1.3000000000000114,0.7749502288208518,23,3,True,balanced
SD Ponferradina,71.0,72.30000000000001,-1.3000000000000114,0.4198020475749329,27,4,True,balanced
Unión La Calera,71.47500000000001,72.8,-1.3249999999999886,0.3906342407689718,24,4,True,balanced
Club Nacional,68.725,70.05000000000001,-1.325000000000017,0.5408892405268584,24,3,True,balanced
FC Zürich,69.02499999999999,70.35000000000001,-1.325000000000017,0.5244977860078156,28,2,True,balanced
Club Tijuana,72.85,74.2,-1.3500000000000085,0.3122920704058805,24,3,True,balanced
Club Libertad,74.975,76.35000000000001,-1.3750000000000142,0.1929712637451828,30,3,True,balanced
Racing Club de Lens,73.85,75.25,-1.4000000000000057,0.2512245477074475,27,4,True,balanced
FC Groningen,66.875,68.3,-1.4249999999999972,0.6291111947910375,28,3,True,balanced
FC Erzgebirge Aue,72.17500000000001,73.65,-1.4749999999999943,0.33309949065299627,30,3,True,balanced
Olympique de Marseille,79.125,80.6,-1.4749999999999943,-0.04663587237148592,33,4,True,balanced
Sport Club Corinthians Paulista,73.52499999999999,75.0,-1.4750000000000085,0.25933794531730525,20,2,True,balanced
RSC Anderlecht,74.9,76.4,-1.5,0.18099577495421482,28,3,True,balanced
Al Ittihad,74.85,76.35000000000001,-1.5000000000000142,0.18372768404072182,28,3,True,balanced
Vejle Boldklub,67.44999999999999,68.95,-1.5000000000000142,0.5880502288437681,28,3,True,balanced
Watford,76.05,77.55000000000001,-1.5000000000000142,0.11816186596455136,30,3,True,balanced
West Ham United,81.45,83.0,-1.5499999999999972,-0.1833136563465021,33,4,True,balanced
GwangJu FC,66.69999999999999,68.25000000000001,-1.5500000000000256,0.6225995241730813,28,4,True,balanced
Kashiwa Reysol,68.125,69.69999999999999,-1.5749999999999886,0.5415254447234874,30,3,True,balanced
Blackpool,66.69999999999999,68.30000000000001,-1.6000000000000227,0.6161701832047899,30,3,True,balanced
Olympiacos CFP,80.375,82.0,-1.625,-0.13422162243903824,28,3,True,balanced
Club Atlético Palmaflor,64.45,66.1,-1.6499999999999915,0.7326767511293188,26,3,True,balanced
OGC Nice,78.975,80.65,-1.6750000000000114,-0.0641575089851325,27,3,True,balanced
US Quevilly Rouen Métropole,63.949999999999996,65.65,-1.70000000000001,0.7535665010260959,26,3,True,balanced
Real Betis Balompié,79.875,81.6,-1.7249999999999943,-0.11976121351055014,33,3,True,balanced
Antalyaspor,68.925,70.65,-1.7250000000000085,0.4785268764344969,27,3,True,balanced
Heracles Almelo,70.82499999999999,72.55,-1.7250000000000085,0.37471433114722896,30,4,True,balanced
IFK Norrköping,69.525,71.25000000000001,-1.7250000000000085,0.445743967396411,22,3,True,balanced
New York City FC,71.57499999999999,73.3,-1.7250000000000085,0.33373569484962307,27,3,True,balanced
Club Athletico Paranaense,72.89999999999999,74.65,-1.7500000000000142,0.2581254335730383,20,2,True,balanced
Ipswich Town,67.875,69.65,-1.7750000000000057,0.5294676262828537,28,3,True,balanced
Derby County,67.75,69.55,-1.7999999999999972,0.5330827285149772,30,3,True,balanced
GZT Giresunspor,67.25,69.05,-1.7999999999999972,0.5604018193800467,25,3,True,balanced
Sporting CP,77.92500000000001,79.75,-1.8249999999999886,-0.02607544107335813,25,4,True,balanced
Blackburn Rovers,69.80000000000001,71.65,-1.8499999999999943,0.4146451149998942,30,4,True,balanced
FC Porto,79.80000000000001,81.65,-1.8499999999999943,-0.13173670230151968,26,3,True,balanced
Sheffield Wednesday,70.275,72.15,-1.875,0.3854773081939309,27,3,True,balanced
Fortaleza,68.225,70.10000000000001,-1.8750000000000142,0.49748558074072036,20,2,True,balanced
Racing Club,77.75,79.69999999999999,-1.9499999999999886,-0.032587111691311454,28,3,True,balanced
AC Ajaccio,67.1,69.05,-1.9500000000000028,0.5493095237346929,23,3,True,balanced
FC Lorient,72.69999999999999,74.65,-1.950000000000017,0.24333570604590005,26,4,True,balanced
CD Mirandés,65.525,67.5,-1.9749999999999943,0.6321499894755198,26,3,True,balanced
Silkeborg IF,63.675,65.65,-1.9750000000000085,0.7332306256762805,28,3,True,balanced
Wisła Kraków,70.475,72.45,-1.9750000000000085,0.361690989911319,28,4,True,balanced
FC Würzburger Kickers,64.0,66.00000000000001,-2.000000000000014,0.7122585461298381,25,3,True,balanced
CD Tondela,69.475,71.5,-2.0250000000000057,0.40989983067316915,26,4,True,balanced
Fiorentina,75.975,78.0,-2.0250000000000057,0.05475164942725064,27,3,True,balanced
Orlando Pirates,71.025,73.1,-2.0749999999999886,0.3187813080231592,28,3,True,balanced
Montpellier Hérault SC,74.925,77.0,-2.075000000000003,0.10569239927560714,26,3,True,balanced
SV Meppen,62.675,64.75,-2.075000000000003,0.7750101254698394,28,3,True,balanced
Santos,74.625,76.7,-2.075000000000003,0.12208385379464937,20,2,True,balanced
1. FC Köln,74.125,76.20000000000002,-2.075000000000017,0.14940294465971804,31,4,True,balanced
Sparta Rotterdam,68.85,70.95000000000002,-2.1000000000000227,0.4344046828020678,23,3,True,balanced
Dinamo Zagreb,79.975,82.15,-2.1750000000000114,-0.18308910039819182,28,3,True,balanced
Newcastle United,77.475,79.75,-2.2750000000000057,-0.059352328009420585,33,5,True,balanced
VfL Osnabrück,68.35,70.65,-2.3000000000000114,0.43600640979397365,27,3,True,balanced
Club Atlético Colón,73.65,76.0,-2.3499999999999943,0.13999470565593275,28,3,True,balanced
Vancouver Whitecaps FC,70.10000000000001,72.45,-2.3499999999999943,0.3339602507979351,29,4,True,balanced
SK Austria Klagenfurt,63.550000000000004,65.9,-2.3500000000000014,0.6918403411303607,28,3,True,balanced
FC Nantes,75.92500000000001,78.30000000000001,-2.375,0.012478171735714305,31,4,True,balanced
Real Zaragoza,71.725,74.10000000000001,-2.375000000000014,0.2419585350023079,30,3,True,balanced
Górnik Łęczna,62.8,65.2,-2.4000000000000057,0.7263896364596751,28,3,True,balanced
CS Emelec,68.32499999999999,70.75,-2.4250000000000114,0.4212990119164981,26,3,True,balanced
SG Dynamo Dresden,68.6,71.05000000000001,-2.450000000000017,0.40305884145656223,30,3,True,balanced
KSV Cercle Brugge,70.225,72.69999999999999,-2.4749999999999943,0.3110571256609389,28,4,True,balanced
BSC Young Boys,72.85,75.4,-2.5500000000000114,0.15798788716687873,28,3,True,balanced
Amiens SC,68.575,71.15,-2.575000000000003,0.38835144357908735,30,3,True,balanced
TSV 1860 München,66.275,68.9,-2.625,0.5075899205901208,28,3,True,balanced
Defensa y Justicia,73.4,76.1,-2.6999999999999886,0.10864886431042686,28,3,True,balanced
Burnley,79.69999999999999,82.39999999999999,-2.700000000000003,-0.23557168058946365,33,3,True,balanced
Exeter City,63.0,65.7,-2.700000000000003,0.6768859543038965,27,2,True,balanced
1. FC Nürnberg,68.57499999999999,71.3,-2.7250000000000085,0.3690634206742128,29,3,True,balanced
FC Viktoria Plzeň,69.975,72.70000000000002,-2.7250000000000227,0.29256996625201204,25,3,True,balanced
CD Antofagasta,67.30000000000001,70.05000000000001,-2.75,0.435512431895996,26,3,True,balanced
FC Twente,71.15,73.9,-2.75,0.22515543223495182,28,3,True,balanced
Karlsruher SC,67.95,70.75,-2.799999999999997,0.3935682728031136,28,4,True,balanced
Hannover 96,69.85,72.65,-2.8000000000000114,0.2897557275158442,30,3,True,balanced
Liverpool,85.275,88.10000000000001,-2.825000000000003,-0.5562528961557334,33,5,True,balanced
F.C. Hansa Rostock,68.19999999999999,71.05,-2.8500000000000085,0.3734793864022864,27,3,True,balanced
IF Elfsborg,65.1,67.95,-2.8500000000000085,0.5428577497657245,24,2,True,balanced
New England Revolution,72.725,75.65,-2.9250000000000114,0.11659760262095831,27,3,True,balanced
N.E.C. Nijmegen,70.94999999999999,73.89999999999999,-2.950000000000003,0.21036570470781513,26,3,True,balanced
Lechia Gdańsk,67.175,70.20000000000002,-3.02500000000002,0.4069808292866579,28,2,True,balanced
Athletic Club de Bilbao,79.1,82.15,-3.0500000000000114,-0.2477941583294223,30,3,True,balanced
Puebla FC,67.5,70.55000000000001,-3.0500000000000114,0.3860087497402165,27,3,True,balanced
FK Austria Wien,68.625,71.7,-3.075000000000003,0.3213261248096634,27,4,True,balanced
Aston Villa,80.89999999999999,84.0,-3.1000000000000085,-0.3525722264119686,31,3,True,balanced
Getafe CF,77.95,81.05000000000001,-3.1000000000000085,-0.1913895903080518,30,3,True,balanced
SK Slavia Praha,73.80000000000001,76.95,-3.1499999999999915,0.028929522903744287,28,3,True,balanced
Bristol City,70.19999999999999,73.35000000000001,-3.15000000000002,0.22562697713225188,30,3,True,balanced
Doncaster Rovers,63.275,66.45,-3.1750000000000043,0.6007817151293361,27,2,True,balanced
CF Monterrey,76.475,79.65,-3.1750000000000114,-0.12044228370853105,27,3,True,balanced
Strømsgodset IF,63.150000000000006,66.4,-3.25,0.5979674763931662,24,3,True,balanced
USL Dunkerque,65.0,68.25,-3.25,0.49688684019240514,27,3,True,balanced
Ceará Sporting Club,71.175,74.45,-3.2750000000000057,0.15628139752463577,20,2,True,balanced
Bruk-Bet Termalica Nieciecza,60.8,64.10000000000001,-3.3000000000000114,0.7199378624907061,28,4,True,balanced
Motherwell,65.69999999999999,69.0,-3.3000000000000114,0.4522107720130135,28,3,True,balanced
Spezia,71.69999999999999,75.0,-3.3000000000000114,0.12438168163216567,24,3,True,balanced
Club Atlético Independiente,75.425,78.75,-3.325000000000003,-0.08236021579675645,27,3,True,balanced
FC Viktoria 1889 Berlin,60.77499999999999,64.1,-3.325000000000003,0.7180891465498154,28,2,True,balanced
Club León,73.60000000000001,76.95,-3.3499999999999943,0.014139795376606035,25,3,True,balanced
Molde FK,70.25,73.60000000000001,-3.3500000000000085,0.19717770417257796,26,2,True,balanced
Fenerbahçe SK,74.425,77.79999999999998,-3.374999999999986,-0.03415137503490495,28,2,True,balanced
FC Lausanne-Sport,66.625,70.05000000000001,-3.4250000000000114,0.38559710149190285,28,3,True,balanced
SC Paderborn 07,68.7,72.14999999999999,-3.4499999999999886,0.2690082039177164,30,3,True,balanced
AC Sparta Praha,71.9,75.35000000000001,-3.450000000000003,0.09416602238126126,26,3,True,balanced
Club Atlético Nacional Potosí,62.3,65.75,-3.450000000000003,0.6186925669906198,24,3,True,balanced
Leicester City,82.25,85.7,-3.450000000000003,-0.47133915852570096,33,4,True,balanced
SK Rapid Wien,70.275,73.75,-3.4749999999999943,0.1797383972085964,28,3,True,balanced
FC Lokomotiv Moscow,74.925,78.4,-3.4750000000000085,-0.07432914783656175,28,3,True,balanced
Hajduk Split,70.375,73.9,-3.5250000000000057,0.1678452380672899,28,4,True,balanced
SK Sturm Graz,67.975,71.50000000000001,-3.52500000000002,0.2989768742196276,28,3,True,balanced
Royal Charleroi S.C.,70.05,73.6,-3.549999999999997,0.18238797664544126,28,4,True,balanced
VfB Stuttgart,73.65,77.2,-3.549999999999997,-0.014309477583068997,33,2,True,balanced
D.C. United,71.15,74.75,-3.5999999999999943,0.11585663577399341,30,3,True,balanced
Bahia,69.94999999999999,73.55,-3.6000000000000085,0.1814224538501632,20,2,True,balanced
RB Bragantino,76.32499999999999,79.95,-3.625000000000014,-0.17011062516363484,20,2,True,balanced
West Bromwich Albion,73.39999999999999,77.05,-3.6500000000000057,-0.013508614087116788,30,3,True,balanced
Junior FC,69.525,73.20000000000002,-3.6750000000000114,0.19499966963303383,28,3,True,balanced
SpVgg Greuther Fürth,68.05,71.80000000000001,-3.750000000000014,0.26594697623255514,32,4,True,balanced
Willem II,66.85,70.65,-3.8000000000000114,0.325083453340434,25,4,True,balanced
Hartlepool United,59.4,63.25,-3.8500000000000014,0.7257085662616961,24,2,True,balanced
Club Atlético Peñarol,69.525,73.4,-3.875,0.16928230575986802,24,3,True,balanced
Deportivo Alavés,76.42500000000001,80.30000000000001,-3.875,-0.20772114817810827,27,3,True,balanced
Paris FC,65.0,68.9,-3.9000000000000057,0.41330540760461154,25,2,True,balanced
Mjøndalen IF,65.325,69.25000000000001,-3.9250000000000114,0.39233332805816923,26,3,True,balanced
FC Bayern München,84.125,88.10000000000001,-3.9750000000000085,-0.6412938294367803,28,3,True,balanced
Columbus Crew,70.45,74.45,-4.0,0.10266863523875847,30,4,True,balanced
Al Batin,69.475,73.55,-4.075000000000003,0.146296850973209,26,4,True,balanced
Club Atlético de San Luis,66.975,71.05,-4.075000000000003,0.2828923052985629,30,3,True,balanced
Hamburger SV,66.925,71.0,-4.075000000000003,0.28562421438506946,26,4,True,balanced
Boavista FC,67.17500000000001,71.3,-4.124999999999986,0.2655353279842433,26,3,True,balanced
Seongnam FC,62.325,66.45,-4.125,0.5305305093754278,28,3,True,balanced
Aalborg BK,68.125,72.25000000000001,-4.125000000000014,0.21362905534060683,24,2,True,balanced
Manchester City,83.275,87.45,-4.174999999999997,-0.6205687388393257,32,3,True,balanced
AIK,70.75,74.95,-4.200000000000003,0.06055981684654843,24,4,True,balanced
Dynamo Kyiv,71.5,75.7,-4.200000000000003,0.019581180548943422,28,3,True,balanced
1. FC Saarbrücken,62.525000000000006,66.75000000000001,-4.2250000000000085,0.5067441910928148,27,3,True,balanced
APOEL Nicosia FC,69.575,73.85,-4.2749999999999915,0.11511566892702874,28,3,True,balanced
FC Girondins de Bordeaux,74.275,78.55,-4.2749999999999915,-0.14168378520463643,31,4,True,balanced
América de Cali,68.225,72.5,-4.275000000000006,0.18887721426271886,20,3,True,balanced
Deportivo Pasto,64.2,68.5,-4.299999999999997,0.40558122524239193,22,3,True,balanced
Real Sporting de Gijón,71.5,75.8,-4.299999999999997,0.00672249861235974,27,4,True,balanced
FC Lugano,68.69999999999999,73.05,-4.3500000000000085,0.15328006648846415,23,3,True,balanced
Unión de Santa Fe,68.39999999999999,72.8,-4.400000000000006,0.16324218003921454,28,3,True,balanced
Al Fayha,64.55000000000001,69.0,-4.449999999999989,0.36716983873196773,30,4,True,balanced
Grenoble Foot 38,65.19999999999999,69.65,-4.450000000000017,0.33165502060737384,28,3,True,balanced
Internacional,75.32499999999999,79.8,-4.4750000000000085,-0.2247712398944519,20,2,True,balanced
LDU Quito,67.375,71.85000000000001,-4.4750000000000085,0.2096023048601704,27,3,True,balanced
Panathinaikos FC,71.75,76.25,-4.5,-0.03265441069334174,28,3,True,balanced
VfL Bochum 1848,69.2,73.7,-4.5,0.10667295271851818,31,4,True,balanced
Estudiantes de La Plata,68.94999999999999,73.45,-4.500000000000014,0.12033249815105296,28,3,True,balanced
Ferencvárosi TC,68.175,72.7,-4.525000000000006,0.15946241850776666,28,3,True,balanced
Pogoń Szczecin,67.27499999999999,71.85,-4.575000000000003,0.20220744109660305,27,3,True,balanced
Melbourne Victory,62.825,67.45,-4.625,0.43891800882743987,27,3,True,balanced
Borussia Mönchengladbach,78.975,83.60000000000001,-4.625000000000014,-0.44348862611434425,33,4,True,balanced
FC Schalke 04,71.675,76.30000000000001,-4.625000000000014,-0.04462989948431262,26,3,True,balanced
Eintracht Braunschweig,64.89999999999999,69.55,-4.650000000000006,0.32232911125325103,26,3,True,balanced
Atlético de Madrid,84.4,89.14999999999999,-4.749999999999986,-0.7559741144210887,32,4,True,balanced
Sagan Tosu,65.9,70.65,-4.75,0.25483224758652534,30,4,True,balanced
FC Flyeralarm Admira,63.45,68.25,-4.799999999999997,0.38226645185708086,28,3,True,balanced
Club Atlas,71.175,76.00000000000001,-4.825000000000017,-0.04302817249240909,24,2,True,balanced
SL Benfica,77.42500000000001,82.3,-4.874999999999986,-0.390946149274082,29,3,True,balanced
Club Deportes Tolima,66.625,71.6,-4.974999999999994,0.18628753147486166,26,3,True,balanced
Clube Sport Marítimo,70.775,75.75,-4.974999999999994,-0.0404609227052255,30,3,True,balanced
Stade Brestois 29,72.425,77.4,-4.9750000000000085,-0.13061392255996007,26,4,True,balanced
Trabzonspor,74.875,79.85000000000001,-4.9750000000000085,-0.2644774677988071,28,3,True,balanced
Feyenoord,72.07499999999999,77.05000000000001,-4.975000000000023,-0.11149055895441129,28,5,True,balanced
U.S. Sassuolo Calcio,76.05000000000001,81.05000000000001,-5.0,-0.33189200181586864,27,3,True,balanced
Al Raed,68.325,73.35000000000001,-5.025000000000006,0.08697328156532791,30,4,True,balanced
FBC Melgar,66.6,71.7,-5.1000000000000085,0.17158013359738444,26,4,True,balanced
FSV Zwickau,63.599999999999994,68.7,-5.1000000000000085,0.3354946787878088,24,3,True,balanced
Centro Atlético Fénix,70.125,75.3,-5.174999999999997,-0.030663468453800524,20,2,True,balanced
Aarhus GF,68.425,73.7,-5.275000000000006,0.04936275855085537,26,3,True,balanced
Galatasaray SK,74.0,79.3,-5.299999999999997,-0.25845977507882756,30,4,True,balanced
Toulouse Football Club,67.05000000000001,72.35000000000001,-5.299999999999997,0.12127558794565374,24,2,True,balanced
Inter,79.975,85.4,-5.425000000000011,-0.6009962633371537,28,4,True,balanced
VfL Wolfsburg,79.85,85.3,-5.450000000000003,-0.5973811611050306,32,4,True,balanced
Club Atlético Talleres,69.82499999999999,75.3,-5.4750000000000085,-0.05284805974450868,28,3,True,balanced
Udinese Calcio,74.65,80.15,-5.5,-0.3196919570765875,26,2,True,balanced
SD Huesca,70.19999999999999,75.7,-5.500000000000014,-0.07655204837745844,30,3,True,balanced
Genoa,75.4,80.95,-5.549999999999997,-0.36709993434248434,33,5,True,balanced
Odds BK,65.075,70.64999999999999,-5.574999999999989,0.19382462153708058,26,2,True,balanced
Club Social y Deportivo Macará,61.050000000000004,66.65,-5.600000000000001,0.4105286325167522,21,3,True,balanced
Eintracht Frankfurt,77.0,82.60000000000001,-5.6000000000000085,-0.46095036607900397,31,3,True,balanced
Angers SCO,72.475,78.10000000000001,-5.625000000000014,-0.21692726423426012,30,3,True,balanced
DSC Arminia Bielefeld,72.82499999999999,78.45,-5.625000000000014,-0.23605062783980868,25,3,True,balanced
FC Luzern,70.1,75.75,-5.650000000000006,-0.09037625310931863,26,3,True,balanced
SC Braga,74.69999999999999,80.35,-5.650000000000006,-0.3417118890679687,30,3,True,balanced
FC Paços de Ferreira,68.475,74.20000000000002,-5.725000000000023,-0.011233219250279092,29,4,True,balanced
1. FC Heidenheim 1846,66.55,72.30000000000001,-5.750000000000014,0.09073061009609806,27,3,True,balanced
Olympique Lyonnais,77.7,83.5,-5.799999999999997,-0.524914457163268,30,3,True,balanced
Pohang Steelers,67.8,73.60000000000001,-5.800000000000011,0.016003541965130097,28,2,True,balanced
Juventus,80.575,86.4,-5.825000000000003,-0.6852139001215711,26,3,True,balanced
SC East Bengal FC,56.875,62.85000000000001,-5.9750000000000085,0.5904229839779043,27,2,True,balanced
Club Atlético Huracán,69.025,75.10000000000001,-6.075000000000003,-0.08628960597989743,28,3,True,balanced
FC Metz,72.825,79.0,-6.174999999999997,-0.30677337849101693,30,4,True,balanced
SV Werder Bremen,74.17500000000001,80.45,-6.2749999999999915,-0.3933936057632914,28,3,True,balanced
Östersunds FK,62.2,68.5,-6.299999999999997,0.25768394997100585,24,2,True,balanced
River Plate,74.5,80.80000000000001,-6.300000000000011,-0.4143656853097353,28,3,True,balanced
Piast Gliwice,64.675,71.1,-6.424999999999997,0.1063810977681775,25,3,True,balanced
Parma,72.375,78.85000000000001,-6.4750000000000085,-0.32076224252220475,28,2,True,balanced
Borussia Dortmund II,56.825,63.35,-6.524999999999999,0.5224321424132029,26,4,True,balanced
Montevideo City Torque,60.75,67.45,-6.700000000000003,0.2854745857333771,20,2,True,balanced
Bohemian FC,59.724999999999994,66.45,-6.7250000000000085,0.33826405152262573,25,3,True,balanced
Cagliari,74.75,81.6,-6.849999999999994,-0.49874798139347676,29,3,True,balanced
Club América,73.2,80.10000000000001,-6.900000000000006,-0.4204881406800509,26,3,True,balanced
Club Universidad Nacional,69.75,76.80000000000001,-7.050000000000011,-0.25127443661593873,29,4,True,balanced
Santos Laguna,69.975,77.05,-7.075000000000003,-0.2667826979893646,28,3,True,balanced
LASK Linz,67.65,74.8,-7.1499999999999915,-0.14939293691922373,28,3,True,balanced
SK Brann,62.075,69.25,-7.174999999999997,0.1520002557421687,25,4,True,balanced
Stade de Reims,71.375,78.55,-7.174999999999997,-0.3561348343481461,29,3,True,balanced
Randers FC,63.25,70.55,-7.299999999999997,0.07172703978852346,27,3,True,balanced
Kristiansund BK,62.825,70.35000000000001,-7.525000000000006,0.06601623266651924,23,2,True,balanced
Lecce,67.67500000000001,75.60000000000001,-7.924999999999997,-0.2504136764709999,28,2,True,balanced
Daegu FC,74.69999999999999,57.800000000000004,16.899999999999984,2.557920887631597,28,2,True,takers >> GK
Al Taawoun,70.67500000000001,54.0,16.67500000000001,2.7489075347381045,28,2,True,takers >> GK
Al Nassr,77.075,61.25,15.825000000000003,2.28992437520424,30,3,True,takers >> GK
Mumbai City FC,67.9,52.800000000000004,15.100000000000001,2.6980042485380564,22,2,True,takers >> GK
Adana Demirspor,80.375,67.85000000000001,12.524999999999991,1.6852818715875184,25,3,True,takers >> GK
Górnik Zabrze,74.75,62.7,12.049999999999997,1.9315429046207935,26,3,True,takers >> GK
Al Hilal,78.275,66.45,11.825000000000003,1.710011279664732,30,4,True,takers >> GK
Guangzhou FC,79.64999999999999,67.95,11.699999999999989,1.6188104273650574,28,3,True,takers >> GK
Western Sydney Wanderers,73.475,61.900000000000006,11.574999999999989,1.9401278471279515,21,2,True,takers >> GK
Al Shabab,76.80000000000001,65.25,11.550000000000011,1.755241222391087,30,3,True,takers >> GK
Brisbane Roar,66.94999999999999,55.400000000000006,11.549999999999983,2.2934273124329785,23,3,True,takers >> GK
Shenzhen FC,75.425,64.0,11.424999999999997,1.8142953698493014,27,4,True,takers >> GK
Dundee FC,73.15,62.2,10.950000000000003,1.8775184940866017,25,3,True,takers >> GK
Sydney FC,77.57499999999999,66.65,10.924999999999983,1.632529869446579,27,3,True,takers >> GK
Qingdao FC,66.875,56.199999999999996,10.675000000000004,2.1850117091176346,28,3,True,takers >> GK
Ajax,84.475,74.4,10.074999999999989,1.146227619047645,29,5,True,takers >> GK
Kerala Blasters FC,65.2,56.2,9.0,2.061147741077848,25,3,True,takers >> GK
Atlanta United,76.55,67.65,8.899999999999991,1.4281456965041595,30,3,True,takers >> GK
Shijiazhuang Ever Bright F.C.,69.5,60.75,8.75,1.7940568547967823,28,3,True,takers >> GK
Dundalk FC,65.1,56.35,8.749999999999993,2.0344648544094035,25,3,True,takers >> GK
Al Fateh,72.75,64.10000000000001,8.649999999999991,1.603624082237238,28,3,True,takers >> GK
Yokohama FC,73.45,65.00000000000001,8.449999999999989,1.5396599911529718,30,5,True,takers >> GK
FC Goa,65.85,57.5,8.349999999999994,1.9420514903654646,27,3,True,takers >> GK
Toronto FC,75.1,67.05,8.049999999999997,1.3980722635519067,30,3,True,takers >> GK
Hyderabad FC,66.025,58.0,8.025000000000006,1.8906990922687936,28,4,True,takers >> GK
SV Waldhof Mannheim 07,73.3,65.5,7.799999999999997,1.464274285824702,27,3,True,takers >> GK
Atlético Nacional,74.07499999999999,66.3,7.7749999999999915,1.4187150244996969,23,4,True,takers >> GK
Avispa Fukuoka,70.675,62.900000000000006,7.7749999999999915,1.6044848423821765,30,4,True,takers >> GK
FCSB (Steaua),74.7,66.95,7.75,1.3813514904342123,28,3,True,takers >> GK
Beijing Guoan FC,72.57499999999999,65.0,7.574999999999989,1.4749549332217409,28,4,True,takers >> GK
Belenenses SAD,72.57499999999999,65.0,7.574999999999989,1.4749549332217415,30,2,True,takers >> GK
Lillestrøm SK,67.825,60.300000000000004,7.524999999999999,1.7280569554716214,25,3,True,takers >> GK
Altay SK,74.125,66.75,7.375,1.3645483876668554,29,4,True,takers >> GK
Vissel Kobe,73.05,65.80000000000001,7.249999999999986,1.4072110806060267,30,5,True,takers >> GK
ATK Mohun Bagan FC,69.875,62.65,7.225000000000001,1.5774726371150818,23,3,True,takers >> GK
Chennaiyin FC,65.175,58.05,7.125,1.8214134093101628,28,4,True,takers >> GK
Changchun Yatai FC,71.325,64.25,7.075000000000003,1.4789592507015017,28,3,True,takers >> GK
Gil Vicente FC,70.875,63.800000000000004,7.074999999999996,1.5035464324800647,29,2,True,takers >> GK
Guaireña FC,70.425,63.35,7.074999999999996,1.5281336142586284,24,3,True,takers >> GK
Henan Songshan Longmen FC,74.94999999999999,68.05,6.8999999999999915,1.2583931485407178,28,3,True,takers >> GK
Hebei FC,69.875,63.050000000000004,6.824999999999996,1.5260379093687473,28,3,True,takers >> GK
Club Always Ready,68.69999999999999,61.900000000000006,6.799999999999983,1.5870231024175172,28,2,True,takers >> GK
Suwon FC,68.85,62.15,6.699999999999996,1.5659686932214134,28,3,True,takers >> GK
Gangwon FC,69.14999999999999,62.550000000000004,6.599999999999987,1.5367185567657864,28,3,True,takers >> GK
FC Academica Clinceni,65.32499999999999,58.75000000000001,6.5749999999999815,1.7424949313994313,28,3,True,takers >> GK
Jamshedpur FC,63.175,56.650000000000006,6.5249999999999915,1.8535376811509439,22,3,True,takers >> GK
CD Lugo,73.675,67.35,6.325000000000003,1.254119409111294,29,4,True,takers >> GK
Damac FC,76.57499999999999,70.25,6.324999999999989,1.095668682093883,30,2,True,takers >> GK
Girona FC,78.5,72.2,6.299999999999997,0.9872755117792147,27,3,True,takers >> GK
Preston North End,76.35,70.05,6.299999999999997,1.1047476024990197,30,4,True,takers >> GK
İstanbul Başakşehir FK,77.4,71.10000000000001,6.299999999999997,1.0473775116823694,27,3,True,takers >> GK
Carlisle United,64.625,58.45,6.174999999999997,1.729306930864197,25,4,True,takers >> GK
SC Freiburg II,62.925,56.75000000000001,6.17499999999999,1.8221918398054373,28,3,True,takers >> GK
Macarthur FC,74.82499999999999,68.65,6.174999999999983,1.1719974772167545,21,2,True,takers >> GK
Al Faisaly,71.375,65.25,6.125,1.354069863217451,30,3,True,takers >> GK
LA Galaxy,74.075,67.95,6.125,1.2065467725460697,30,4,True,takers >> GK
Melbourne City FC,71.425,65.35,6.075000000000003,1.3449086131626533,24,4,True,takers >> GK
CF Fuenlabrada,72.375,66.35000000000001,6.0249999999999915,1.2865729995507258,29,3,True,takers >> GK
K Beerschot VA,74.325,68.35,5.9750000000000085,1.1735992042086605,27,3,True,takers >> GK
FC Utrecht,75.35,69.4,5.949999999999989,1.114380397451118,28,3,True,takers >> GK
Incheon United FC,68.32499999999999,62.449999999999996,5.874999999999993,1.4885696126529242,28,3,True,takers >> GK
AS Saint-Étienne,78.3,72.45,5.849999999999994,0.9403390794106175,29,3,True,takers >> GK
Al Tai,69.54999999999998,63.7,5.84999999999998,1.418423169549354,30,3,True,takers >> GK
Club Atlético Banfield,71.575,65.75,5.825000000000003,1.304566181061673,28,3,True,takers >> GK
Club The Strongest,69.575,63.75000000000001,5.824999999999996,1.4138425445219551,25,3,True,takers >> GK
Dalian Professional Football Club,66.32499999999999,60.55,5.7749999999999915,1.5849872941766237,28,4,True,takers >> GK
LOSC Lille,79.525,73.80000000000001,5.724999999999994,0.8573339543704639,30,4,True,takers >> GK
Venezia FC,76.77499999999999,71.05000000000001,5.72499999999998,1.007588954128352,33,3,True,takers >> GK
Gimnasia y Esgrima La Plata,78.55,72.89999999999999,5.650000000000006,0.9009621701049169,28,3,True,takers >> GK
Club River Plate Asunción,72.525,66.9,5.625,1.226942544544871,20,2,True,takers >> GK
Club Bolívar,71.65,66.1,5.550000000000011,1.2651069421063086,28,3,True,takers >> GK
Cheltenham Town,66.65,61.1,5.550000000000004,1.5382978507570146,21,2,True,takers >> GK
FK Haugesund,67.75,62.2,5.549999999999997,1.4781958508538584,21,2,True,takers >> GK
Bengaluru FC,69.375,63.849999999999994,5.525000000000006,1.386194135058235,28,2,True,takers >> GK
RZ Pellets Wolfsberger AC,72.225,66.75,5.474999999999994,1.2240459761590385,26,3,True,takers >> GK
Austin FC,71.05000000000001,65.65,5.400000000000006,1.2786018282395173,29,3,True,takers >> GK
Radomiak Radom,64.975,59.6,5.374999999999993,1.6073141117659806,26,3,True,takers >> GK
KV Mechelen,71.725,66.35000000000001,5.374999999999986,1.2385063850875255,28,3,True,takers >> GK
Aytemiz Alanyaspor,75.6,70.25,5.349999999999994,1.023568760399082,28,3,True,takers >> GK
Club de Foot Montréal,68.075,62.8,5.275000000000006,1.4250770664659596,29,2,True,takers >> GK
SV Sandhausen,71.775,66.5,5.275000000000006,1.2229157940644357,25,3,True,takers >> GK
Club Deportivo Jorge Wilstermann,70.5,65.25,5.25,1.2893648052862203,30,3,True,takers >> GK
Nashville SC,71.1,65.85,5.25,1.2565818962481363,28,3,True,takers >> GK
Halmstads BK,64.2,59.050000000000004,5.149999999999999,1.620726668249527,23,2,True,takers >> GK
KRC Genk,76.55,71.4,5.1499999999999915,0.9459451238822804,25,3,True,takers >> GK
İttifak Holding Konyaspor,74.3,69.15,5.1499999999999915,1.0688810327750988,24,3,True,takers >> GK
Club Universitario de Deportes,71.675,66.55000000000001,5.124999999999986,1.209091589332573,29,4,True,takers >> GK
San Jose Earthquakes,70.52499999999999,65.4,5.124999999999986,1.271925498322236,26,3,True,takers >> GK
HJK Helsinki,64.825,59.75000000000001,5.074999999999996,1.576933793215751,25,2,True,takers >> GK
Club Atlético Sarmiento,70.225,65.15,5.074999999999989,1.2818876118729872,28,2,True,takers >> GK
Hammarby IF,69.725,64.7,5.0249999999999915,1.3027773617697667,25,3,True,takers >> GK
Odisha FC,62.0,57.0,5.0,1.7216426451509634,28,3,True,takers >> GK
Chicago Fire Football Club,72.475,67.5,4.974999999999994,1.146093021043586,27,4,True,takers >> GK
AJ Auxerre,72.65,67.7,4.950000000000003,1.1333166687566654,27,3,True,takers >> GK
Club Atlético Lanús,76.475,71.55,4.924999999999997,0.9211109531547295,28,3,True,takers >> GK
Kawasaki Frontale,73.725,68.80000000000001,4.924999999999983,1.071365952912617,30,5,True,takers >> GK
Jagiellonia Białystok,68.75,63.900000000000006,4.849999999999994,1.333546895567633,28,3,True,takers >> GK
Club Deportivo Palestino,74.57499999999999,69.75,4.824999999999989,1.012064816505414,26,4,True,takers >> GK
Wuhan FC,69.27499999999999,64.45,4.824999999999989,1.301647179675163,28,4,True,takers >> GK
Demir Grup Sivasspor,74.575,69.8,4.775000000000006,1.0056354755371233,24,2,True,takers >> GK
FC Sion,72.375,67.6,4.775000000000006,1.1258394753434344,28,2,True,takers >> GK
Gallos Blancos de Querétaro,70.875,66.15,4.724999999999994,1.2013674069703535,28,2,True,takers >> GK
Fortuna Düsseldorf,75.8,71.10000000000001,4.699999999999989,0.9290596914652606,30,3,True,takers >> GK
Club Deportivo Guabirá,68.69999999999999,64.05,4.6499999999999915,1.3105614407809743,26,2,True,takers >> GK
Grêmio,76.75,72.10000000000001,4.6499999999999915,0.8707240778533345,20,2,True,takers >> GK
Club Sporting Cristal,70.525,65.9,4.625,1.2076320886393195,26,3,True,takers >> GK
Queens Park Rangers,76.475,71.9,4.574999999999989,0.8761055663766864,30,4,True,takers >> GK
Al Ahli,76.15,71.60000000000001,4.549999999999997,0.8906483049548364,30,4,True,takers >> GK
Universidad Católica,73.525,69.0,4.525000000000006,1.0308588615123124,30,3,True,takers >> GK
Real Salt Lake,70.625,66.10000000000001,4.5249999999999915,1.1893095885297216,30,4,True,takers >> GK
Bolton Wanderers,66.725,62.25000000000001,4.474999999999987,1.3959691563089809,28,2,True,takers >> GK
Deportivo Cali,66.80000000000001,62.4,4.400000000000013,1.3822272812267844,27,3,True,takers >> GK
Bristol Rovers,68.60000000000001,64.2,4.400000000000006,1.28387855411253,28,2,True,takers >> GK
Oud-Heverlee Leuven,73.82499999999999,69.5,4.324999999999989,0.988750043120103,28,3,True,takers >> GK
Chongqing Liangjiang Athletic,67.825,63.55,4.275000000000006,1.3101497925326604,28,4,True,takers >> GK
Crotone,67.82499999999999,63.550000000000004,4.274999999999984,1.310149792532659,24,3,True,takers >> GK
Metropolitanos de Caracas FC,68.775,64.60000000000001,4.174999999999997,1.2453848379524408,27,3,True,takers >> GK
Fatih Karagümrük S.K.,75.57499999999999,71.4,4.174999999999983,0.8738452021874795,30,3,True,takers >> GK
Coventry City,71.125,67.05,4.075000000000003,1.104126428950026,30,2,True,takers >> GK
Tromsø IL,65.325,61.25,4.075000000000003,1.4210278829848468,27,3,True,takers >> GK
Cambridge United,66.25,62.25000000000001,3.999999999999993,1.360843553432027,25,3,True,takers >> GK
Guangzhou City,66.375,62.400000000000006,3.9749999999999943,1.350799110231614,27,4,True,takers >> GK
Los Angeles FC,73.025,69.05000000000001,3.9749999999999943,0.9874552017261726,30,3,True,takers >> GK
Oxford United,67.75,63.849999999999994,3.9000000000000057,1.2660275989002334,28,3,True,takers >> GK
Stevenage,64.35,60.45,3.8999999999999915,1.4517974167827126,24,2,True,takers >> GK
Universidad Técnica de Cajamarca,68.44999999999999,64.6,3.8499999999999943,1.2213515307208422,26,3,True,takers >> GK
CS Mioveni,65.67500000000001,61.849999999999994,3.825000000000017,1.3697578145378395,27,4,True,takers >> GK
Yokohama F. Marinos,72.75,69.0,3.75,0.9735486673446503,27,4,True,takers >> GK
AFC Chindia Târgoviște,69.225,65.55000000000001,3.674999999999983,1.15650424649096,25,3,True,takers >> GK
Cuiabá,72.975,69.30000000000001,3.674999999999983,0.9516110650029296,20,2,True,takers >> GK
UD Ibiza,70.67500000000001,67.05,3.625000000000014,1.0708495420139652,30,3,True,takers >> GK
Sarpsborg 08 FF,67.35,63.75,3.5999999999999943,1.2493068257825384,25,2,True,takers >> GK
Peterborough United,69.775,66.2,3.575000000000003,1.1135945646027996,30,4,True,takers >> GK
Wycombe Wanderers,70.275,66.7,3.575000000000003,1.086275473737729,28,3,True,takers >> GK
Suwon Samsung Bluewings,70.1,66.55,3.549999999999997,1.0926224850563582,28,2,True,takers >> GK
Viborg FF,68.15,64.60000000000001,3.549999999999997,1.1991669394301328,26,2,True,takers >> GK
FC Voluntari,65.3,61.75000000000001,3.54999999999999,1.354885757361036,28,4,True,takers >> GK
Jeonbuk Hyundai Motors,70.6,67.1,3.5,1.0588740532229965,28,3,True,takers >> GK
Sint-Truidense VV,72.4,68.9,3.5,0.9605253261087404,28,3,True,takers >> GK
Lincoln City,66.725,63.25,3.4749999999999943,1.2673823369431476,25,3,True,takers >> GK
Academia Puerto Cabello,68.25,64.8,3.450000000000003,1.1808444393205368,27,3,True,takers >> GK
Salford City,65.42500000000001,62.00000000000001,3.4250000000000043,1.3319826322240393,28,3,True,takers >> GK
Kalmar FF,68.32499999999999,64.95,3.374999999999986,1.1671025642383375,22,2,True,takers >> GK
Deportivo Toluca,74.4,71.05,3.3500000000000085,0.8319609397435835,30,3,True,takers >> GK
Seraing,67.2,63.85,3.3500000000000014,1.2253558482006017,28,3,True,takers >> GK
Odense Boldklub,65.975,62.650000000000006,3.3249999999999886,1.2890729503358782,26,2,True,takers >> GK
Huddersfield Town,69.15,65.85000000000001,3.299999999999997,1.1123820528585326,30,3,True,takers >> GK
Rapid București,66.2,62.900000000000006,3.299999999999997,1.2735646889624503,28,3,True,takers >> GK
Sport Huancayo,68.3,65.0,3.299999999999997,1.1588245073291539,27,3,True,takers >> GK
Cracovia,69.14999999999999,65.85000000000001,3.299999999999983,1.1123820528585322,28,3,True,takers >> GK
Arsenal de Sarandí,70.875,67.65,3.2249999999999943,1.0084871779216018,28,3,True,takers >> GK
Tianjin Jinmen Tiger FC,62.8,59.6,3.1999999999999957,1.4464758249083483,28,3,True,takers >> GK
Adelaide United,63.6,60.449999999999996,3.1500000000000057,1.3963359385559442,24,3,True,takers >> GK
Grasshopper Club Zürich,68.67500000000001,65.55,3.125000000000014,1.1158324957913308,26,2,True,takers >> GK
AFC UTA Arad,67.075,64.0,3.075000000000003,1.1968242455912645,27,3,True,takers >> GK
Viking FK,69.975,66.89999999999999,3.075000000000003,1.0383735185738558,26,4,True,takers >> GK
Colorado Rapids,70.4,67.35000000000001,3.049999999999997,1.0119376208543978,30,3,True,takers >> GK
Mjällby AIF,63.375,60.35,3.0249999999999986,1.3925561770244959,28,3,True,takers >> GK
Wrexham AFC,62.675000000000004,59.7,2.9750000000000014,1.4243735632673031,27,3,True,takers >> GK
Malmö FF,72.44999999999999,69.5,2.9499999999999886,0.8870706663710249,28,3,True,takers >> GK
FC Red Bull Salzburg,72.275,69.35,2.9250000000000114,0.8934176776896547,28,3,True,takers >> GK
Unión Deportiva Las Palmas,73.52499999999999,70.69999999999999,2.825000000000003,0.8122612685903949,30,3,True,takers >> GK
FC Seoul,73.175,70.35000000000001,2.8249999999999886,0.831384632195942,28,3,True,takers >> GK
Lech Poznań,69.475,66.65,2.8249999999999886,1.0335459045974655,28,3,True,takers >> GK
AC Monza,72.9,70.10000000000001,2.799999999999997,0.8431954616875852,28,3,True,takers >> GK
KV Oostende,72.275,69.55,2.7250000000000085,0.8677003138164875,23,2,True,takers >> GK
Al Hazem,71.07499999999999,68.35,2.7249999999999943,0.9332661318926573,30,4,True,takers >> GK
Shimizu S-Pulse,72.225,69.5,2.7249999999999943,0.8704322229029943,30,3,True,takers >> GK
Accrington Stanley,64.225,61.50000000000001,2.724999999999987,1.3075376767441242,28,2,True,takers >> GK
Waterford FC,62.25,59.550000000000004,2.6999999999999957,1.4122334151770086,28,3,True,takers >> GK
Club Atlético Central Córdoba,70.82499999999999,68.15,2.674999999999983,0.9404963363568993,28,3,True,takers >> GK
Sunderland,68.975,66.35,2.625,1.0351476315893708,28,4,True,takers >> GK
Futebol Clube de Famalicão,70.425,67.80000000000001,2.624999999999986,0.9559222680806638,30,3,True,takers >> GK
FC Botoşani,67.525,65.0,2.5250000000000057,1.1015143131614924,28,3,True,takers >> GK
Zagłębie Lubin,67.775,65.25,2.5250000000000057,1.0878547677289572,28,2,True,takers >> GK
Swansea City,69.3,66.80000000000001,2.499999999999986,1.0013168701063435,30,4,True,takers >> GK
AD Alcorcón,72.425,69.95,2.4749999999999943,0.8273578817155068,28,3,True,takers >> GK
Hibernian,68.02499999999999,65.55000000000001,2.47499999999998,1.0677658813281274,28,3,True,takers >> GK
FC St. Pauli,69.0,66.55,2.450000000000003,1.0112789836570966,30,3,True,takers >> GK
Deportivo Táchira FC,64.52499999999999,62.150000000000006,2.374999999999986,1.24614083544704,27,3,True,takers >> GK
Fleetwood Town,67.725,65.4,2.3249999999999886,1.0648693129422955,26,3,True,takers >> GK
Carlos A. Mannucci,67.125,64.85,2.2750000000000057,1.09122288101209,29,4,True,takers >> GK
FC Dallas,69.57499999999999,67.3,2.2749999999999915,0.9573593357732436,27,3,True,takers >> GK
Viktoria Köln,68.57499999999999,66.3,2.2749999999999915,1.0119975175033848,28,3,True,takers >> GK
Sepsi OSK Sf. Gheorghe,68.2,65.95,2.25,1.0292721651680419,28,2,True,takers >> GK
Burton Albion,66.425,64.25,2.174999999999997,1.1166109262866053,28,2,True,takers >> GK
SC Heerenveen,70.9,68.75,2.1500000000000057,0.8688903925600769,28,4,True,takers >> GK
Ross County FC,64.1,61.95,2.1499999999999915,1.2404300283250378,23,3,True,takers >> GK
Scunthorpe United,62.64999999999999,60.50000000000001,2.1499999999999844,1.3196553918337421,27,3,True,takers >> GK
Barnsley,69.625,67.5,2.125,0.9353394037818608,30,2,True,takers >> GK
Burgos CF,72.075,69.95,2.125,0.8014758585430147,27,3,True,takers >> GK
Real Sociedad B,68.85,66.75,2.0999999999999943,0.9744693241385751,25,2,True,takers >> GK
AC Mineros de Guayana,61.375,59.3,2.075000000000003,1.3796750620872364,24,3,True,takers >> GK
Drogheda United,58.875,56.800000000000004,2.0749999999999957,1.5162705164125891,28,2,True,takers >> GK
Degerfors IF,66.4,64.35000000000001,2.049999999999997,1.101903528409129,25,3,True,takers >> GK
Vålerenga Fotball,66.35,64.35,2.0,1.0982060965273455,23,3,True,takers >> GK
Crewe Alexandra,64.8,62.800000000000004,1.999999999999993,1.1828952782090634,27,3,True,takers >> GK
Royale Union Saint-Gilloise,71.05000000000001,69.1,1.950000000000017,0.8349773014273897,24,4,True,takers >> GK
Northampton Town,63.25,61.300000000000004,1.9499999999999957,1.2611551189224908,22,2,True,takers >> GK
Juventude,69.6,67.65,1.9499999999999886,0.9142026649360926,20,2,True,takers >> GK
1. FC Kaiserslautern,68.05,66.15,1.8999999999999915,0.99246250564952,28,3,True,takers >> GK
Independiente del Valle,68.575,66.7,1.875,0.9605627897570512,25,3,True,takers >> GK
KAS Eupen,70.17500000000001,68.30000000000001,1.875,0.8731416989888237,26,3,True,takers >> GK
Wisła Płock,66.25,64.39999999999999,1.8500000000000085,1.084381891795485,28,4,True,takers >> GK
FC Arouca,69.10000000000001,67.3,1.8000000000000114,0.9222337328962905,28,2,True,takers >> GK
Hokkaido Consadole Sapporo,68.075,66.30000000000001,1.7749999999999915,0.9750231986855372,25,4,True,takers >> GK
IFK Göteborg,70.875,69.10000000000001,1.7749999999999915,0.8220362898411415,22,2,True,takers >> GK
Hallescher FC,66.7,64.95,1.75,1.0469360280803368,28,2,True,takers >> GK
Houston Dynamo,68.30000000000001,66.60000000000001,1.7000000000000028,0.9530855963438184,30,2,True,takers >> GK
Cerro Largo Fútbol Club,65.525,63.85000000000001,1.6749999999999972,1.1014918801608145,20,2,True,takers >> GK
St. Mirren,68.65,67.0,1.6500000000000057,0.9275328917699783,24,3,True,takers >> GK
Bradford City,62.949999999999996,61.35,1.5999999999999943,1.2325411866634914,27,2,True,takers >> GK
Wellington Phoenix,68.725,67.15,1.5749999999999886,0.9137910166877785,19,2,True,takers >> GK
Shamrock Rovers,65.6,64.05000000000001,1.549999999999983,1.0813206641103241,22,2,True,takers >> GK
Charlton Athletic,70.025,68.5,1.5250000000000057,0.8363320394703039,28,2,True,takers >> GK
Harrogate Town,61.175,59.65,1.5249999999999986,1.3198799477820553,19,2,True,takers >> GK
NorthEast United FC,59.675,58.150000000000006,1.5249999999999915,1.4018372203772667,21,3,True,takers >> GK
Tokushima Vortis,64.25,62.75,1.5,1.1486528684777246,30,3,True,takers >> GK
Gaz Metan Mediaş,68.04999999999998,66.55,1.4999999999999858,0.9410277779031869,28,2,True,takers >> GK
FC Ingolstadt 04,69.225,67.75,1.4749999999999943,0.8736132438861257,30,2,True,takers >> GK
12 de Octubre FC,70.1,68.65,1.4499999999999886,0.8225901643881048,20,3,True,takers >> GK
Hull City,68.975,67.55,1.4249999999999972,0.8808434483503695,30,3,True,takers >> GK
Stade Malherbe Caen,68.52499999999999,67.1,1.4249999999999972,0.9054306301289328,30,3,True,takers >> GK
SD Amorebieta,69.475,68.05000000000001,1.424999999999983,0.8535243574852964,26,3,True,takers >> GK
Oita Trinita,67.0,65.65,1.3499999999999943,0.9791098458149601,30,4,True,takers >> GK
Brøndby IF,64.775,63.45,1.3250000000000028,1.097465129680379,28,3,True,takers >> GK
Kashima Antlers,69.125,67.85000000000001,1.2749999999999915,0.8533596981859717,30,4,True,takers >> GK
FC Nordsjælland,61.7,60.45,1.25,1.2558335270481262,26,2,True,takers >> GK
Vegalta Sendai,69.07499999999999,67.9,1.174999999999983,0.8432329253358952,30,4,True,takers >> GK
Śląsk Wrocław,66.0,64.85,1.1500000000000057,1.008030663671936,28,3,True,takers >> GK
Deportivo La Guaira FC,67.625,66.55,1.0750000000000028,0.9095996069080182,28,3,True,takers >> GK
FC U Craiova 1948,64.1,63.05,1.0499999999999972,1.098984527022621,27,3,True,takers >> GK
SV Ried,68.75,67.7,1.0499999999999972,0.8449169819774626,28,4,True,takers >> GK
Pau FC,68.075,67.05,1.0250000000000057,0.8785830841611633,22,3,True,takers >> GK
Rochdale,62.400000000000006,61.4,1.000000000000007,1.1854400949955695,25,4,True,takers >> GK
Colchester United,63.75,62.75,1.0,1.1116785496598782,28,3,True,takers >> GK
Shonan Bellmare,67.6,66.6,1.0,0.9013215499988343,30,3,True,takers >> GK
Gillingham,64.69999999999999,63.699999999999996,0.9999999999999929,1.059772277016244,22,2,True,takers >> GK
Jeju United FC,67.6,66.65,0.9499999999999886,0.894892209030541,28,4,True,takers >> GK
Örebro SK,67.15,66.25,0.9000000000000057,0.9130500498408137,25,3,True,takers >> GK
Sanfrecce Hiroshima,67.85,67.0,0.8499999999999943,0.8683739816614235,29,3,True,takers >> GK
Nîmes Olympique,68.125,67.3,0.8250000000000028,0.8501338112014895,25,3,True,takers >> GK
Campionii FC Arges,64.05,63.35000000000001,0.6999999999999886,1.056711049331084,28,2,True,takers >> GK
TSV Havelse,62.3,61.60000000000001,0.6999999999999886,1.152327867358832,27,3,True,takers >> GK
Wigan Athletic,66.275,65.65,0.625,0.9254970835290823,28,2,True,takers >> GK
Central Coast Mariners,68.125,67.60000000000001,0.5249999999999915,0.8115577653917376,21,2,True,takers >> GK
Rotherham United,66.225,65.7,0.5249999999999915,0.9153703106790061,23,3,True,takers >> GK
Rodez Aveyron Football,68.175,67.7,0.4749999999999943,0.8023965153369389,25,3,True,takers >> GK
KV Kortrijk,68.07499999999999,67.65,0.42499999999998295,0.801430992541661,27,3,True,takers >> GK
FC Farul Constanța,67.05,66.65,0.3999999999999915,0.85422045833091,28,2,True,takers >> GK
Plymouth Argyle,64.2,63.849999999999994,0.3500000000000085,1.0035099352935228,27,3,True,takers >> GK
Portsmouth,66.0,65.64999999999999,0.3500000000000085,0.9051612081792688,25,2,True,takers >> GK
SC Cambuur,67.4,67.05,0.3500000000000085,0.8286677537570706,25,3,True,takers >> GK
Port Vale,61.5,61.150000000000006,0.3499999999999943,1.1510330259649035,26,2,True,takers >> GK
Türkgücü München,65.85,65.5,0.3499999999999943,0.9133569354387886,28,3,True,takers >> GK
Aragua Fútbol Club,64.525,64.2,0.32500000000000284,0.9825378557470799,28,3,True,takers >> GK
Warta Poznań,64.975,64.7,0.2749999999999915,0.9515213330002249,28,3,True,takers >> GK
St. Patrick's Athletic,61.8,61.550000000000004,0.2499999999999929,1.1217828895092776,25,3,True,takers >> GK
Varbergs BoIS FC,62.375,62.15,0.22500000000000142,1.0871512645303012,28,2,True,takers >> GK
Sportclub Verl,64.925,64.7,0.22499999999999432,0.9478239011184398,28,2,True,takers >> GK
Forest Green Rovers,62.3,62.10000000000001,0.19999999999998863,1.0880344576759144,22,2,True,takers >> GK
Livingston FC,63.875,63.800000000000004,0.07499999999999574,0.9859059690302132,27,3,True,takers >> GK
Longford Town,56.025,55.95,0.07499999999999574,1.4148156956118232,25,2,True,takers >> GK
Newcastle Jets,61.074999999999996,61.05000000000001,0.024999999999984368,1.132463536906316,22,2,True,takers >> GK
Swindon Town,61.099999999999994,61.1,-7.105427357601002e-15,1.1278829118789182,25,2,True,takers >> GK
Tranmere Rovers,63.2,63.25000000000001,-0.05000000000000426,1.006713389277329,28,4,True,takers >> GK
SC Bastia,66.375,66.45,-0.07500000000000284,0.830022491799985,25,2,True,takers >> GK
SV Wehen Wiesbaden,66.32499999999999,66.39999999999999,-0.07500000000000284,0.8327544008864929,28,4,True,takers >> GK
Morecambe,63.5,63.6,-0.10000000000000142,0.9838925937899958,26,3,True,takers >> GK
Sligo Rovers,63.64999999999999,63.800000000000004,-0.1500000000000128,0.9692675255621819,28,3,True,takers >> GK
AS Nancy Lorraine,64.25,64.45,-0.20000000000000284,0.9300552755558058,29,3,True,takers >> GK
Crawley Town,63.10000000000001,63.45,-0.3499999999999943,0.9736011616405936,28,3,True,takers >> GK
Mansfield Town,61.39999999999999,62.300000000000004,-0.9000000000000128,0.9957633199306242,28,3,True,takers >> GK
Sutton United,60.175,61.4,-1.2250000000000014,1.0209043762561523,26,3,True,takers >> GK
Newport County,62.8,64.2,-1.4000000000000057,0.8549764558255095,28,2,True,takers >> GK
Barrow,62.125,63.60000000000001,-1.4750000000000085,0.8822132170409167,26,3,True,takers >> GK
Oldham Athletic,62.49999999999999,64.0,-1.500000000000007,0.8585092284079684,25,3,True,takers >> GK
Finn Harps,57.175,58.85000000000001,-1.6750000000000114,1.1269548527319497,26,3,True,takers >> GK
Derry City,55.975,57.75000000000001,-1.7750000000000057,1.179661988871536,26,2,True,takers >> GK
PGE FKS Stal Mielec,62.125,64.0,-1.875,0.830778489294584,28,3,True,takers >> GK
AFC Wimbledon,60.35,62.25,-1.8999999999999986,0.9245465913814392,26,2,True,takers >> GK
1. FC Magdeburg,61.89999999999999,63.85,-1.95000000000001,0.8334280687314277,28,3,True,takers >> GK
Milton Keynes Dons,61.375,63.5,-2.125,0.8396104207507314,25,3,True,takers >> GK
Leyton Orient,61.15,63.300000000000004,-2.1500000000000057,0.8486893411558668,23,2,True,takers >> GK
Walsall,59.75,62.50000000000001,-2.750000000000007,0.8480307039585637,24,2,True,takers >> GK
